date,n_billionaires,forbes_worth_total,forbes_worth_top4,forbes_private_worth
2019-12-31,26,678.5641999999999,465.0,340.6133
2020-01-08,26,678.3235,463.4036,339.93410000000006
2020-01-16,26,694.5002,477.57009999999997,357.2695
2020-01-24,26,699.681,483.7737,360.91179999999997
2020-02-01,26,719.3425,506.0331,371.319
2020-02-09,26,741.3695,525.988,383.6536
2020-02-17,26,741.5419,527.6253,289.8899
2020-02-25,26,740.4257,526.8766999999999,382.29889999999995
2020-03-04,26,726.8732000000001,514.1785,292.99879999999996
2020-03-12,26,740.8004,524.246,374.4329
2020-03-20,26,762.3514,543.2703,390.7787
2020-03-28,25,770.0295,555.2371999999999,396.18309999999997
2020-04-05,26,787.7133,568.232,404.1532
2020-04-13,26,800.001,578.7008000000001,410.0642
2020-04-21,26,801.1073,576.7042,409.355
2020-04-29,26,808.0616,577.9883000000001,408.55170000000004
2020-05-07,26,799.7623000000001,569.3215,407.3279
2020-05-15,25,654.8579,421.11609999999996,306.1992
2020-05-23,26,801.4159000000001,570.3393000000001,412.93559999999997
2020-05-31,26,794.7609,568.1976999999999,410.6006
2020-06-08,26,808.3259,580.5826999999999,413.7065
2020-06-16,26,829.8240999999999,599.9856,431.53740000000005
2020-06-24,25,814.5803,584.062,402.8869
2020-07-02,26,810.7135999999999,580.0063,413.302
2020-07-10,25,662.0723,431.014,303.3227
2020-07-18,26,814.2966,588.8716,327.9751
2020-07-26,26,794.7918000000001,571.2574000000001,339.4438
2020-08-03,26,811.1499,592.0135,420.9454
2020-08-11,26,822.4802000000001,603.9911,434.51820000000004
2020-08-19,26,829.7101,607.5994000000001,437.5965
2020-08-27,26,845.1098000000001,622.8027,447.301
2020-09-04,27,850.6343,614.9318000000001,448.12160000000006
2020-09-12,27,845.9404000000001,611.8136999999999,430.3443
2020-09-20,27,850.2906999999999,613.698,447.62809999999996
2020-09-28,28,862.0516,623.2894,452.96959999999996
2020-10-06,28,848.659,612.7647,445.87059999999997
2020-10-14,28,850.2802,614.5526,445.8746
2020-10-22,28,859.9353,622.695,448.3149
2020-10-30,29,865.3003,629.8449,451.2283
2020-11-07,28,868.8669,634.0159,455.6221
2020-11-15,28,859.2796,626.4146,447.32410000000004
2020-11-23,28,823.3082,594.3577,436.478
2020-12-01,28,830.2191,602.0885999999999,440.722
2020-12-09,29,859.57,630.7484000000001,442.814
2020-12-17,29,869.4972999999999,637.1228,462.33489999999995
2020-12-25,29,866.0925,631.2822,453.2133
2020-12-31,29,863.9654,626.113,451.6275
2021-01-02,29,873.772,632.9227,347.1613
2021-01-10,29,880.6812000000001,635.9718,468.0449
2021-01-18,29,880.3874000000001,636.2305,461.1117
2021-01-26,29,862.7040999999999,621.5411,452.2866
2021-02-03,29,869.1474000000001,631.4485,389.14759999999995
2021-02-11,29,870.3429,631.8015,460.6222
2021-02-19,29,874.1486,632.0869,456.43510000000003
2021-02-27,29,885.9456,641.4286999999999,469.5915
2021-03-07,29,882.5238,632.4236,468.4129
2021-03-15,29,884.5534,637.9023000000001,471.25539999999995
2021-03-23,29,882.2634,633.6314,471.8704
2021-03-31,28,895.4899,641.8628,477.38989999999995
2021-04-08,28,898.0658000000001,652.9434,478.1069
2021-04-16,29,899.6157000000001,645.2936000000001,471.34929999999997
2021-04-24,29,897.5804,644.9458000000001,477.266
2021-05-02,29,904.8024,650.867,459.0705
2021-05-10,29,883.2162000000001,629.4708,469.6691
2021-05-18,29,882.1188,629.2636,468.76779999999997
2021-05-26,29,853.5687999999999,606.3916999999999,444.3825
2021-06-03,29,852.6478000000001,605.5078000000001,452.6038
2021-06-11,29,869.8057000000001,619.1473000000001,454.73909999999995
2021-06-19,29,854.8607999999999,609.2405,450.46029999999996
2021-06-27,28,843.8368,604.4751,332.12829999999997
2021-07-05,30,840.2267,595.7085999999999,442.502
2021-07-13,30,854.311,608.226,453.7635
2021-07-21,30,846.827,595.2868000000001,441.3817
2021-07-29,29,843.7795,600.2993,444.5297
2021-08-06,29,863.3831,611.1538,448.6106
2021-08-14,30,851.2126,591.9816,451.3268
2021-08-22,29,849.3942,593.1676,453.9659
2021-08-30,30,844.5465,583.8177,379.8166
2021-09-07,30,858.208,594.546,459.34340000000003
2021-09-15,30,846.581,582.8163000000001,446.73720000000003
2021-09-23,30,850.1372,585.4902,452.53990000000005
2021-10-01,30,862.4162,594.9535999999999,344.1667
2021-10-09,29,860.749,593.8378,433.52729999999997
2021-10-17,29,856.673,602.4924,461.6426
2021-10-25,29,688.9135,413.9889,381.4457
2021-11-02,30,892.2304,618.1697,475.2613
2021-11-10,30,909.7727,631.6844,484.73879999999997
2021-11-18,30,916.3912999999999,636.875,477.7658
2021-11-26,30,896.2511,618.2299,467.653
2021-12-04,29,859.5143,583.0913,363.4973
2021-12-12,30,863.9853,583.8770999999999,458.7188
2021-12-20,30,878.7054,592.257,466.768
2021-12-28,30,893.3562,610.5916,471.0284
2021-12-31,30,893.706,612.5754000000001,477.29179999999997
2022-01-05,30,907.2351,625.9797,488.1615
2022-01-13,29,944.9597,665.2345,512.8661000000001
2022-01-21,30,953.4816,674.2074,518.0554000000001
2022-01-29,30,969.6527,692.3023000000001,420.2888
2022-02-06,30,946.4662999999999,669.095,517.1013
2022-02-14,31,965.7486,655.9183,534.5768
2022-02-22,30,953.13,680.2189000000001,435.5473
2022-03-02,30,1012.9435,699.8777,563.5525
2022-03-10,30,1024.3731,708.5989000000001,570.4911
2022-03-18,31,1022.7631,703.5422,566.915
2022-03-26,30,894.193,572.3798,456.00059999999996
2022-04-03,31,995.4175,670.8055,547.5802000000001
2022-04-11,30,988.6051,658.9205,541.7881
2022-04-19,29,953.0075,631.1046,513.2302
2022-04-27,30,960.685,631.4987,526.2198
2022-05-05,30,966.321,639.8958,531.7721
2022-05-13,29,950.5998000000001,652.485,539.6382
2022-05-21,30,990.5869,656.7221,472.59209999999996
2022-05-29,30,991.2682,650.9478,540.9652
2022-06-06,30,1008.6358,671.0446,550.4892
2022-06-14,30,1005.391,669.2604,548.0671
2022-06-22,31,998.0636,661.8956999999999,544.9589
2022-06-30,30,998.6144,660.817,550.4994
2022-07-08,31,1010.5563000000001,667.0681,555.9889000000001
2022-07-16,30,814.9327,471.3716,417.7055
2022-07-24,31,1029.7177,674.773,566.134
2022-08-01,31,1056.7786,690.6359,497.49640000000005
2022-08-09,31,1067.8652,702.2715999999999,583.2918
2022-08-17,31,1066.0828999999999,702.7912,580.3000999999999
2022-08-25,31,1086.0589,719.0741999999999,590.7495
2022-09-02,31,1096.6581,728.5387,598.1211999999999
2022-09-10,31,1112.6551000000002,737.1679,605.9548000000001
2022-09-18,31,1100.2053999999998,724.3614,490.4365
2022-09-26,31,1121.9484,736.617,482.848
2022-10-04,30,1138.4388999999999,759.3231,620.0065
2022-10-12,30,1158.1712,771.6766,579.4817999999999
2022-10-20,31,1157.8145,771.3874000000001,631.6957
2022-10-28,31,1151.1168,763.5574,627.4488
2022-11-05,31,1135.5578,751.628,620.0622
2022-11-13,31,1121.1759,738.8625,612.5861
2022-11-21,30,1126.8573000000001,748.6259,612.9201999999999
2022-11-29,31,1170.5418,780.5655,634.2513
2022-12-07,31,1161.7945,774.32,626.2041999999999
2022-12-15,31,1179.0407,789.5078000000001,632.7756999999999
2022-12-23,29,1120.9953,784.066,580.2673
2022-12-31,31,1183.1839,788.2602999999999,575.4712999999999
2023-01-08,31,1197.4751999999999,798.8178,641.1495
2023-01-16,30,1186.8597,797.2553,606.4719
2023-01-24,31,1204.8156000000001,800.2423,611.8434
2023-02-01,31,1194.2972,788.4275,634.2336
2023-02-09,31,1210.9718,805.5826999999999,646.4176
2023-02-17,31,1195.5678,784.5536999999999,640.0524
2023-02-25,31,1206.006,793.9466,640.8466999999999
2023-03-05,31,1213.4472,804.3819,637.4826999999999
2023-03-13,31,1229.8943000000002,823.8388,656.4284
2023-03-21,31,1242.4641000000001,843.0181,664.6795999999999
2023-03-29,31,1233.8978,838.4284,664.4864
2023-04-06,31,1243.1836,847.9994,660.367
2023-04-14,31,1239.9781,838.179,659.7686
2023-04-22,32,1244.6288,831.427,671.0149
2023-04-30,31,1236.1018000000001,825.1415999999999,662.9451
2023-05-08,32,1262.66,841.3158000000001,669.7891999999999
2023-05-16,32,1242.0123,820.1355,659.2001
2023-05-24,31,1233.9325,820.4931,661.5485
2023-06-01,32,1230.7498,816.1174,629.4492
2023-06-09,32,1250.2257,831.2578,672.4046
2023-06-17,32,1256.0454,841.6265999999999,672.8298000000001
2023-06-25,32,1236.0716,820.6904000000001,656.1668000000001
2023-07-03,32,1213.0548000000001,797.0536000000001,545.8318
2023-07-11,32,1205.3437,790.7207,641.5135
2023-07-19,32,1223.0828000000001,800.0854,626.4074
2023-07-27,32,1197.3465,777.6423,634.5685
2023-08-04,32,1217.3011000000001,794.1074,637.8434
2023-08-12,32,1238.9894000000002,812.0394,635.7299
2023-08-20,29,1214.4728,811.3488000000001,625.6064
2023-08-28,32,1211.4596999999999,781.8235,632.6971
2023-09-05,31,1207.0695,778.6587,629.2495
2023-09-13,32,1243.0085,806.2574,621.2072
2023-09-21,32,1255.8518000000001,816.4088,651.35
2023-09-29,32,1229.817,788.3942,639.1876
2023-10-07,32,1214.4783,766.1336,630.5489
2023-10-15,32,1206.873,761.4082,621.0481
2023-10-23,32,1247.2992,801.8323,604.2781
2023-10-31,32,1252.4541000000002,809.9715,650.9324
2023-11-08,32,1267.043,817.2539,653.8625
2023-11-16,31,1259.3532,824.5197,557.415
2023-11-24,32,1309.7968999999998,856.1603,663.8509
2023-12-02,32,1311.1579,853.289,539.8103000000001
2023-12-10,32,1335.383,868.5219000000001,576.0799000000001
2023-12-18,32,1301.8162,843.2406000000001,654.5886999999999
2023-12-26,32,1292.6784,829.0808000000001,658.1106
2023-12-31,32,1325.9375,858.2167,684.8425
2024-01-03,32,1319.5282,844.5808000000001,675.2915
2024-01-11,32,1359.6347,867.7891999999999,674.7395
2024-01-19,32,1363.3803,866.0908000000001,657.29
2024-01-27,32,1345.5305,846.3534000000001,688.0657
2024-02-04,32,1321.9025,824.4407,682.651
2024-02-12,32,1325.2719000000002,832.1664000000001,685.1313
2024-02-20,32,1318.1308999999999,825.4833000000001,638.2746
2024-02-28,32,1335.0746000000001,846.0984,690.1331
2024-03-07,32,1318.273,828.9008,681.1714000000001
2024-03-15,32,1300.3433,804.8045999999999,585.7342
2024-03-23,32,1315.764,818.6673000000001,642.7301
2024-03-31,32,1331.4553,827.0674,690.5337
2024-04-08,32,1312.4568000000002,815.8909,683.8071
2024-04-16,32,1318.3831,829.664,691.4318000000001
2024-04-24,32,1323.3873,833.1505999999999,691.1658
2024-05-02,32,1265.8382,783.2183,662.7289000000001
2024-05-10,32,1283.3978,803.8906999999999,651.9234
2024-05-18,32,1287.6485,801.0966999999999,676.3976
2024-05-26,32,1299.879,820.9527,682.6727
2024-06-03,31,1052.7556000000002,579.9341999999999,418.7094
2024-06-11,32,1338.6958,861.6107,667.377
2024-06-19,32,1354.9279,870.5789,681.2408
2024-06-27,32,1362.9014000000002,877.9684,400.165
2024-07-05,32,1333.7425,856.3533999999999,689.2786
2024-07-13,31,1309.3761000000002,841.7594,677.0539
2024-07-21,31,1334.235,848.5256999999999,683.3675
2024-07-29,32,1346.4698999999998,848.6256,689.9152999999999
2024-08-06,32,1348.9522,849.5598,680.1319
2024-08-14,32,1358.2386999999999,853.7137999999999,697.7577
2024-08-22,31,1282.3071,859.1769,681.1758000000001
2024-08-30,31,1393.3663000000001,870.9626999999999,618.1941999999999
2024-09-07,32,1446.605,915.3396,735.6758000000001
2024-09-15,31,1446.5304,915.1094,733.8325
2024-09-23,32,1446.4939,917.2775,737.4004
2024-10-01,32,1477.2053999999998,953.8103000000001,741.5816
2024-10-09,32,1473.9614,951.6848,753.2969
2024-10-17,32,1459.0955,930.0806,732.3289
2024-10-25,32,1475.4666000000002,951.9613,755.2814000000001
2024-11-02,32,1486.8975999999998,962.5958999999999,677.6523000000001
2024-11-10,32,1457.5062,927.8934,737.4718
2024-11-18,32,1457.9551000000001,926.1276,740.4329
2024-11-26,32,1425.4684,897.9431,685.5121
2024-12-04,32,1481.1685,945.3455,738.5327
2024-12-12,32,1471.8055,951.4778,746.3599
2024-12-20,32,1483.9092,956.8088,711.8284
2024-12-28,32,1478.3626000000002,941.9224,743.3439000000001
2024-12-31,32,1452.6097,905.2586000000001,728.003
2025-01-05,32,1457.0825,911.6653,732.4784000000001
2025-01-13,32,1457.1901,909.0261999999999,727.2672000000001
2025-01-21,32,1469.6326000000001,922.0896,730.639
2025-01-29,32,1476.0917,933.7195,732.279
2025-02-06,32,1495.734,950.43,742.5363000000001
2025-02-14,32,1460.9405,917.5181,723.3281999999999
2025-02-22,32,1480.3219,922.0591,489.5553
2025-03-02,31,1457.7496,887.893,724.1805
2025-03-10,32,1453.2028,880.1092,708.379
2025-03-18,32,1450.0192,878.3969000000001,518.7017
2025-03-26,32,1459.2938000000001,885.9515,495.0095
2025-04-03,31,1444.4461999999999,887.468,715.9935
2025-04-11,32,1465.6713,892.5167999999999,647.3893
2025-04-19,32,1468.8209000000002,882.4598000000001,719.5098
2025-04-27,32,1465.9382,869.7818000000001,672.1097
2025-05-05,31,1337.9945,733.6581,641.3684000000001
2025-05-13,32,1459.2754000000002,861.6189,673.193
2025-05-21,32,1479.2666000000002,882.298,718.1284
2025-05-29,32,1466.8106,873.7285,728.8462999999999
2025-06-06,32,1479.9784000000002,888.4074,690.0412
2025-06-14,32,1494.3741,907.6896999999999,744.287
2025-06-22,32,1470.1468,884.6084,728.3285999999999
2025-06-30,32,1439.8362,858.2943,711.4689000000001
2025-07-08,32,1475.5673000000002,880.8868,720.6826
2025-07-16,32,1459.3372,859.924,599.3777
2025-07-24,32,1473.1136000000001,869.9093,731.861
2025-08-01,32,1450.0056000000002,852.6735,719.4238
2025-08-09,32,1462.0518,855.7424,729.0658
2025-08-17,30,1430.6691,831.9871999999999,699.4448000000001
2025-08-25,30,1430.0114,843.4059,722.1876
2025-09-02,32,1417.1077,828.6743,699.5123000000001
2025-09-10,32,1420.9708999999998,830.6733,717.6581
2025-09-18,32,1449.8551,850.1886,735.8095999999999
2025-09-26,32,1489.0284,886.4619,752.3937
2025-10-04,32,1478.6463999999999,878.9998,550.0835999999999
2025-10-12,31,1447.9814,848.6315,737.4571
2025-10-20,32,1473.7269000000001,848.4019000000001,744.5241
2025-10-28,32,1537.3714,903.1135,588.8614
2025-11-05,31,1504.8207,892.7085999999999,747.483
2025-11-13,32,1569.366,931.3603,782.1217
2025-11-21,32,1571.9902,924.0962000000001,788.8155
2025-11-29,32,1615.0302,968.3755,809.9103
2025-12-07,32,1644.7518,985.8647,783.5277
2025-12-15,32,1649.5333999999998,983.9753,814.5987
2025-12-23,32,1649.9903,980.133,819.3125
2025-12-30,32,1660.4888999999998,986.1148,756.9431999999999
2026-01-01,32,1678.8992,989.2117999999999,830.1314
2026-01-08,32,1713.1126000000002,1020.8455,754.3739
2026-01-16,32,1664.9196000000002,975.6479,802.9169
2026-01-24,31,1500.6359,950.7099000000001,793.8306
2026-02-01,32,1620.6988999999999,933.2582,792.1332
2026-02-09,32,1637.4522,939.3228,798.0613
2026-02-17,32,1621.3441,915.8771,787.9018
2026-02-25,32,1666.5511999999999,963.9481,792.5388
2026-03-05,31,1682.3881000000001,969.8837,817.2051
2026-03-13,32,1688.7945,969.6835,649.0254
2026-03-21,32,1670.4836,936.7183,802.5978
