date,forbes_id,forbes_name,state,country_citizenship,source,industries,forbes_worth,forbes_public_worth,forbes_private_worth,sec_cik
2019-12-31,marlo-zanderfell,Marlo Zanderfell,California,United States,software,Technology,160000,86560,73440,
2019-12-31,calla-vantongeren,Calla Vantongeren,California,United States,semiconductors,Technology,120000,55560,64440,
2019-12-31,xavi-juniper,Xavi Juniper,California,United States,online marketplace,Technology,95000,33250,61750,
2019-12-31,quill-silverbrook,Quill Silverbrook,California,United States,software,Technology,90000,25290,64710,
2019-12-31,yara-hollowell,Yara Hollowell,California,United States,medical devices,Healthcare,36139.300000000003,33754.099999999999,2385.1999999999998,
2019-12-31,rhea-ravensworth,Rhea Ravensworth,California,United States,private equity,Finance & Investments,25778.200000000001,21447.5,4330.6999999999998,
2019-12-31,yara-whitlock,Yara Whitlock,California,United States,online marketplace,Technology,24887.5,18317.200000000001,6570.3000000000002,
2019-12-31,ember-silverbrook,Ember Silverbrook,California,United States,coffee chains,Food & Beverage,24107.700000000001,12415.5,11692.200000000001,
2019-12-31,ember-driftwood,Ember Driftwood,California,United States,private equity,Finance & Investments,15240.6,2911,12329.6,
2019-12-31,tamsin-whitlock,Tamsin Whitlock,California,United States,software,Technology,13675.6,10202,3473.5999999999999,
2019-12-31,marlo-vantongeren,Marlo Vantongeren,California,United States,real estate,Real Estate,9712.5,,,
2019-12-31,ines-elderfield,Ines Elderfield,California,United States,streaming,Media & Entertainment,8722.3999999999996,959.5,7762.8999999999996,
2019-12-31,soren-oakhurst,Soren Oakhurst,California,United States,investments,Diversified,8397.1000000000004,201.5,8195.6000000000004,
2019-12-31,adair-vantongeren,Adair Vantongeren,California,United States,semiconductors,Technology,7088.5,2225.8000000000002,4862.6999999999998,
2019-12-31,cyrus-ashgrove,Cyrus Ashgrove,California,United States,streaming,Media & Entertainment,6120,3035.5,3084.5,
2019-12-31,ines-ravensworth,Ines Ravensworth,California,United States,semiconductors,Technology,6078.6999999999998,5416.1000000000004,662.60000000000002,
2019-12-31,zeno-juniper,Zeno Juniper,California,United States,software,Technology,4755.8000000000002,770.39999999999998,3985.4000000000001,
2019-12-31,wren-underhill,Wren Underhill,Nevada,United States,hedge funds,Finance & Investments,4000,2580,1420,
2019-12-31,kestrel-coldharbor,Kestrel Coldharbor,California,United States,real estate,Real Estate,3515.5999999999999,2967.1999999999998,548.39999999999998,
2019-12-31,vance-driftwood,Vance Driftwood,California,United States,medical devices,Healthcare,3446.8000000000002,2412.8000000000002,1034,
2019-12-31,soren-driftwood,Soren Driftwood,,United States,software,Technology,2500,867.5,1632.5,
2019-12-31,ines-ashgrove,Ines Ashgrove,California,United States,software,Technology,2213.0999999999999,1850.2,362.89999999999998,
2019-12-31,delphine-thistlewood,Delphine Thistlewood,California,United States,software,Technology,2017.8,1870.5,147.30000000000001,
2019-12-31,nell-kettleby,Nell Kettleby,California,United States,streaming,Media & Entertainment,1959.0999999999999,1101,858.10000000000002,
2019-12-31,faro-coldharbor,Faro Coldharbor,California,United States,sports team,Sports,1800,,,
2019-12-31,ines-fairweather,Ines Fairweather,California,United States,online marketplace,Technology,1407.9000000000001,473.10000000000002,934.79999999999995,
2020-12-31,xavi-juniper,Xavi Juniper,California,United States,online marketplace,Technology,170169.29999999999,59559.300000000003,110610,
2020-12-31,calla-vantongeren,Calla Vantongeren,California,United States,semiconductors,Technology,166566.39999999999,77120.199999999997,89446.199999999997,
2020-12-31,marlo-zanderfell,Marlo Zanderfell,California,United States,software,Technology,151949.60000000001,82204.699999999997,69744.899999999994,
2020-12-31,quill-silverbrook,Quill Silverbrook,California,United States,software,Technology,137427.70000000001,38617.199999999997,98810.5,
2020-12-31,yara-hollowell,Yara Hollowell,California,United States,medical devices,Healthcare,41165.199999999997,38448.300000000003,2716.9000000000001,
2020-12-31,rhea-ravensworth,Rhea Ravensworth,California,United States,private equity,Finance & Investments,28322.5,23564.299999999999,4758.1999999999998,
2020-12-31,yara-whitlock,Yara Whitlock,California,United States,online marketplace,Technology,26464.400000000001,19477.799999999999,6986.6000000000004,
2020-12-31,ember-silverbrook,Ember Silverbrook,California,United States,coffee chains,Food & Beverage,22713.799999999999,11697.6,11016.200000000001,
2020-12-31,tamsin-whitlock,Tamsin Whitlock,California,United States,software,Technology,18116.599999999999,13515,4601.6000000000004,
2020-12-31,marlo-vantongeren,Marlo Vantongeren,California,United States,real estate,Real Estate,11687,1308.9000000000001,10378.1,
2020-12-31,ember-driftwood,Ember Driftwood,California,United States,private equity,Finance & Investments,9893.8999999999996,,,
2020-12-31,faro-brightwater,Faro Brightwater,California,United States,streaming,Media & Entertainment,9679,4655.6000000000004,5023.3999999999996,
2020-12-31,soren-oakhurst,Soren Oakhurst,California,United States,investments,Diversified,8965.5,215.19999999999999,8750.2999999999993,
2020-12-31,cyrus-ashgrove,Cyrus Ashgrove,California,United States,streaming,Media & Entertainment,7480.8999999999996,3710.5,3770.4000000000001,
2020-12-31,ines-elderfield,Ines Elderfield,California,United States,streaming,Media & Entertainment,7469.5,821.60000000000002,6647.8999999999996,
2020-12-31,zeno-juniper,Zeno Juniper,California,United States,software,Technology,6246.6999999999998,1012,5234.6999999999998,
2020-12-31,ines-ravensworth,Ines Ravensworth,California,United States,semiconductors,Technology,5982.3000000000002,5330.1999999999998,652.10000000000002,
2020-12-31,adair-vantongeren,Adair Vantongeren,California,United States,semiconductors,Technology,5973.1999999999998,1875.5999999999999,4097.6000000000004,
2020-12-31,kestrel-coldharbor,Kestrel Coldharbor,California,United States,real estate,Real Estate,4381.8000000000002,3698.1999999999998,683.60000000000002,
2020-12-31,wren-underhill,Wren Underhill,Nevada,United States,hedge funds,Finance & Investments,3609.4000000000001,2328.0999999999999,1281.3,
2020-12-31,vance-driftwood,Vance Driftwood,California,United States,medical devices,Healthcare,3329.8000000000002,2330.9000000000001,998.89999999999998,
2020-12-31,nell-kettleby,Nell Kettleby,California,United States,streaming,Media & Entertainment,2743.5999999999999,1541.9000000000001,1201.7,
2020-12-31,faro-coldharbor,Faro Coldharbor,California,United States,sports team,Sports,2435.1999999999998,,,
2020-12-31,soren-driftwood,Soren Driftwood,,United States,software,Technology,2416.3000000000002,838.5,1577.8,
2020-12-31,ines-ashgrove,Ines Ashgrove,California,United States,software,Technology,2228.5,1863,365.5,
2020-12-31,delphine-thistlewood,Delphine Thistlewood,California,United States,software,Technology,2010,1863.3,146.69999999999999,
2020-12-31,ines-fairweather,Ines Fairweather,California,United States,online marketplace,Technology,1977,664.29999999999995,1312.7,
2020-12-31,calla-underhill,Calla Underhill,California,United States,hedge funds,Finance & Investments,1398.0999999999999,584.39999999999998,813.70000000000005,
2020-12-31,soren-amberly,Soren Amberly,California,United States,streaming,Media & Entertainment,1162.2,,,
2021-12-31,marlo-zanderfell,Marlo Zanderfell,California,United States,software,Technology,204379.89999999999,110569.5,93810.399999999994,
2021-12-31,quill-silverbrook,Quill Silverbrook,California,United States,software,Technology,158233.39999999999,44463.599999999999,113769.8,
2021-12-31,calla-vantongeren,Calla Vantongeren,California,United States,semiconductors,Technology,128785.2,59627.5,69157.699999999997,
2021-12-31,xavi-juniper,Xavi Juniper,California,United States,online marketplace,Technology,121176.89999999999,42411.900000000001,78765,
2021-12-31,rhea-ravensworth,Rhea Ravensworth,California,United States,private equity,Finance & Investments,44539.599999999999,37056.900000000001,7482.6999999999998,
2021-12-31,ember-silverbrook,Ember Silverbrook,California,United States,coffee chains,Food & Beverage,38634.400000000001,19896.700000000001,18737.700000000001,
2021-12-31,yara-hollowell,Yara Hollowell,California,United States,medical devices,Healthcare,31662.900000000001,29573.099999999999,2089.8000000000002,
2021-12-31,yara-whitlock,Yara Whitlock,California,United States,online marketplace,Technology,23407.799999999999,17228.099999999999,6179.6999999999998,
2021-12-31,faro-brightwater,Faro Brightwater,California,United States,streaming,Media & Entertainment,17979.900000000001,8648.2999999999993,9331.6000000000004,
2021-12-31,tamsin-whitlock,Tamsin Whitlock,California,United States,software,Technology,17612,13138.6,4473.3999999999996,
2021-12-31,soren-oakhurst,Soren Oakhurst,California,United States,investments,Diversified,17260.900000000001,414.30000000000001,16846.599999999999,
2021-12-31,marlo-vantongeren,Marlo Vantongeren,California,United States,real estate,Real Estate,15538.1,1740.3,13797.799999999999,
2021-12-31,ember-driftwood,Ember Driftwood,California,United States,private equity,Finance & Investments,10054.1,1920.3,8133.8000000000002,
2021-12-31,ines-elderfield,Ines Elderfield,California,United States,streaming,Media & Entertainment,9239.3999999999996,1016.3,8223.1000000000004,
2021-12-31,adair-vantongeren,Adair Vantongeren,California,United States,semiconductors,Technology,9047.7000000000007,2841,6206.6999999999998,
2021-12-31,zeno-juniper,Zeno Juniper,California,United States,software,Technology,8003.3999999999996,1296.5999999999999,6706.8000000000002,
2021-12-31,cyrus-ashgrove,Cyrus Ashgrove,California,United States,streaming,Media & Entertainment,5680,2817.3000000000002,2862.6999999999998,
2021-12-31,ines-ravensworth,Ines Ravensworth,California,United States,semiconductors,Technology,4830.8000000000002,4304.1999999999998,526.60000000000002,
2021-12-31,wren-underhill,Wren Underhill,Nevada,United States,hedge funds,Finance & Investments,4132.1999999999998,2665.3000000000002,1466.9000000000001,
2021-12-31,vance-driftwood,Vance Driftwood,California,United States,medical devices,Healthcare,3112,2178.4000000000001,933.60000000000002,
2021-12-31,kestrel-coldharbor,Kestrel Coldharbor,California,United States,real estate,Real Estate,2976.3000000000002,2512,464.30000000000001,
2021-12-31,faro-coldharbor,Faro Coldharbor,California,United States,sports team,Sports,2694,,,
2021-12-31,ines-ashgrove,Ines Ashgrove,California,United States,software,Technology,2646.1999999999998,2212.1999999999998,434,
2021-12-31,nell-kettleby,Nell Kettleby,California,United States,streaming,Media & Entertainment,2000.8,1124.4000000000001,876.39999999999998,
2021-12-31,ines-fairweather,Ines Fairweather,California,United States,online marketplace,Technology,1977.4000000000001,664.39999999999998,1313,
2021-12-31,calla-underhill,Calla Underhill,California,United States,hedge funds,Finance & Investments,1913,799.60000000000002,1113.4000000000001,
2021-12-31,soren-driftwood,Soren Driftwood,,United States,software,Technology,1826.4000000000001,633.79999999999995,1192.5999999999999,
2021-12-31,yara-dunmore,Yara Dunmore,California,United States,private equity,Finance & Investments,1679.9000000000001,26.899999999999999,1653,
2021-12-31,delphine-thistlewood,Delphine Thistlewood,California,United States,software,Technology,1651.4000000000001,1530.8,120.59999999999999,
2021-12-31,soren-amberly,Soren Amberly,California,United States,streaming,Media & Entertainment,1030,407.89999999999998,622.10000000000002,
2022-12-31,marlo-zanderfell,Marlo Zanderfell,California,United States,software,Technology,343785,185987.70000000001,157797.29999999999,
2022-12-31,calla-vantongeren,Calla Vantongeren,California,United States,semiconductors,Technology,189859.29999999999,87904.899999999994,101954.39999999999,
2022-12-31,quill-silverbrook,Quill Silverbrook,California,United States,software,Technology,150465.29999999999,42280.699999999997,108184.60000000001,
2022-12-31,xavi-juniper,Xavi Juniper,California,United States,online marketplace,Technology,104150.7,36452.699999999997,67698,
2022-12-31,kestrel-pennyroyal,Kestrel Pennyroyal,California,United States,athletic apparel,Fashion & Retail,56428.099999999999,,,
2022-12-31,ember-silverbrook,Ember Silverbrook,California,United States,coffee chains,Food & Beverage,51106.199999999997,26319.700000000001,24786.5,
2022-12-31,yara-whitlock,Yara Whitlock,California,United States,online marketplace,Technology,44883.800000000003,33034.5,11849.299999999999,
2022-12-31,yara-hollowell,Yara Hollowell,California,United States,medical devices,Healthcare,40988.599999999999,38283.400000000001,2705.1999999999998,
2022-12-31,rhea-ravensworth,Rhea Ravensworth,California,United States,private equity,Finance & Investments,37569.300000000003,31257.700000000001,6311.6000000000004,
2022-12-31,marlo-vantongeren,Marlo Vantongeren,California,United States,real estate,Real Estate,24493.599999999999,2743.3000000000002,21750.299999999999,
2022-12-31,soren-oakhurst,Soren Oakhurst,California,United States,investments,Diversified,21519.599999999999,516.5,21003.099999999999,
2022-12-31,faro-brightwater,Faro Brightwater,California,United States,streaming,Media & Entertainment,19833.700000000001,,,
2022-12-31,tamsin-whitlock,Tamsin Whitlock,California,United States,software,Technology,19266.799999999999,14373,4893.8000000000002,
2022-12-31,zeno-juniper,Zeno Juniper,California,United States,software,Technology,11630.700000000001,1884.2,9746.5,
2022-12-31,ember-driftwood,Ember Driftwood,California,United States,private equity,Finance & Investments,9910,1892.8,8017.1999999999998,
2022-12-31,ines-elderfield,Ines Elderfield,California,United States,streaming,Media & Entertainment,9288,1021.7,8266.2999999999993,
2022-12-31,adair-vantongeren,Adair Vantongeren,California,United States,semiconductors,Technology,7990.1000000000004,2508.9000000000001,5481.1999999999998,
2022-12-31,cyrus-ashgrove,Cyrus Ashgrove,California,United States,streaming,Media & Entertainment,6634.3000000000002,3290.5999999999999,3343.6999999999998,
2022-12-31,vance-driftwood,Vance Driftwood,California,United States,medical devices,Healthcare,4961,3472.6999999999998,1488.3,
2022-12-31,wren-underhill,Wren Underhill,Nevada,United States,hedge funds,Finance & Investments,4290.1999999999998,2767.1999999999998,1523,
2022-12-31,ines-ravensworth,Ines Ravensworth,California,United States,semiconductors,Technology,4007.9000000000001,3571,436.89999999999998,
2022-12-31,kestrel-coldharbor,Kestrel Coldharbor,California,United States,real estate,Real Estate,3825.5999999999999,3228.8000000000002,596.79999999999995,
2022-12-31,faro-coldharbor,Faro Coldharbor,California,United States,sports team,Sports,2402.6999999999998,,,
2022-12-31,calla-underhill,Calla Underhill,California,United States,hedge funds,Finance & Investments,2372.8000000000002,991.79999999999995,1381,
2022-12-31,ines-fairweather,Ines Fairweather,California,United States,online marketplace,Technology,2153.5999999999999,723.60000000000002,1430,
2022-12-31,yara-dunmore,Yara Dunmore,California,United States,private equity,Finance & Investments,1976.3,31.600000000000001,1944.7,
2022-12-31,nell-kettleby,Nell Kettleby,California,United States,streaming,Media & Entertainment,1724.3,969.10000000000002,755.20000000000005,
2022-12-31,soren-driftwood,Soren Driftwood,,United States,software,Technology,1532.0999999999999,531.60000000000002,1000.5,
2022-12-31,ines-ashgrove,Ines Ashgrove,California,United States,software,Technology,1492.0999999999999,1247.4000000000001,244.69999999999999,
2022-12-31,delphine-thistlewood,Delphine Thistlewood,California,United States,software,Technology,1346,1247.7,98.299999999999997,
2022-12-31,soren-amberly,Soren Amberly,California,United States,streaming,Media & Entertainment,1296.2,513.29999999999995,782.89999999999998,
2023-12-31,marlo-zanderfell,Marlo Zanderfell,California,United States,software,Technology,292573.20000000001,158282.10000000001,134291.10000000001,
2023-12-31,calla-vantongeren,Calla Vantongeren,California,United States,semiconductors,Technology,251792.5,116579.89999999999,135212.60000000001,
2023-12-31,quill-silverbrook,Quill Silverbrook,California,United States,software,Technology,159018.60000000001,44684.199999999997,114334.39999999999,
2023-12-31,xavi-juniper,Xavi Juniper,California,United States,online marketplace,Technology,154832.39999999999,54191.300000000003,100641.10000000001,
2023-12-31,yara-hollowell,Yara Hollowell,California,United States,medical devices,Healthcare,82256.600000000006,76827.699999999997,5428.8999999999996,
2023-12-31,rhea-ravensworth,Rhea Ravensworth,California,United States,private equity,Finance & Investments,64951.699999999997,54039.800000000003,10911.9,
2023-12-31,ember-silverbrook,Ember Silverbrook,California,United States,coffee chains,Food & Beverage,49824.099999999999,25659.400000000001,24164.700000000001,
2023-12-31,kestrel-pennyroyal,Kestrel Pennyroyal,California,United States,athletic apparel,Fashion & Retail,44429.199999999997,4576.1999999999998,39853,
2023-12-31,yara-whitlock,Yara Whitlock,California,United States,online marketplace,Technology,37936.199999999997,27921,10015.200000000001,
2023-12-31,tamsin-whitlock,Tamsin Whitlock,California,United States,software,Technology,31296.099999999999,23346.900000000001,7949.1999999999998,
2023-12-31,faro-brightwater,Faro Brightwater,California,United States,streaming,Media & Entertainment,21139.700000000001,10168.200000000001,10971.5,
2023-12-31,marlo-vantongeren,Marlo Vantongeren,California,United States,real estate,Real Estate,21116.099999999999,2365,18751.099999999999,
2023-12-31,soren-oakhurst,Soren Oakhurst,California,United States,investments,Diversified,17836.5,428.10000000000002,17408.400000000001,
2023-12-31,zeno-juniper,Zeno Juniper,California,United States,software,Technology,14021.299999999999,2271.5,11749.799999999999,
2023-12-31,ines-elderfield,Ines Elderfield,California,United States,streaming,Media & Entertainment,13426.700000000001,1476.9000000000001,11949.799999999999,
2023-12-31,ember-driftwood,Ember Driftwood,California,United States,private equity,Finance & Investments,10437.9,1993.5999999999999,8444.2999999999993,
2023-12-31,kestrel-blackthorn,Kestrel Blackthorn,California,United States,coffee chains,Food & Beverage,10247,6056,4191,
2023-12-31,adair-vantongeren,Adair Vantongeren,California,United States,semiconductors,Technology,7114.1000000000004,2233.8000000000002,4880.3000000000002,
2023-12-31,cyrus-ashgrove,Cyrus Ashgrove,California,United States,streaming,Media & Entertainment,6761,3353.5,3407.5,
2023-12-31,wren-underhill,Wren Underhill,Nevada,United States,hedge funds,Finance & Investments,5243,,,
2023-12-31,ines-ravensworth,Ines Ravensworth,California,United States,semiconductors,Technology,5018,4471,547,
2023-12-31,vance-driftwood,Vance Driftwood,California,United States,medical devices,Healthcare,4631.1999999999998,3241.8000000000002,1389.4000000000001,
2023-12-31,kestrel-coldharbor,Kestrel Coldharbor,California,United States,real estate,Real Estate,3339.1999999999998,2818.3000000000002,520.89999999999998,
2023-12-31,ines-fairweather,Ines Fairweather,California,United States,online marketplace,Technology,2800.0999999999999,940.79999999999995,1859.3,
2023-12-31,faro-coldharbor,Faro Coldharbor,California,United States,sports team,Sports,2361,,,
2023-12-31,calla-underhill,Calla Underhill,California,United States,hedge funds,Finance & Investments,2174,908.70000000000005,1265.3,
2023-12-31,soren-amberly,Soren Amberly,California,United States,streaming,Media & Entertainment,1843.5999999999999,730.10000000000002,1113.5,
2023-12-31,yara-dunmore,Yara Dunmore,California,United States,private equity,Finance & Investments,1708.8,27.300000000000001,1681.5,
2023-12-31,ines-ashgrove,Ines Ashgrove,California,United States,software,Technology,1526.5999999999999,1276.2,250.40000000000001,
2023-12-31,soren-driftwood,Soren Driftwood,,United States,software,Technology,1493.9000000000001,518.39999999999998,975.5,
2023-12-31,delphine-thistlewood,Delphine Thistlewood,California,United States,software,Technology,1471.0999999999999,1363.7,107.40000000000001,
2023-12-31,nell-kettleby,Nell Kettleby,California,United States,streaming,Media & Entertainment,1316.0999999999999,739.60000000000002,576.5,
2024-12-31,marlo-zanderfell,Marlo Zanderfell,California,United States,software,Technology,380708.90000000002,205963.5,174745.39999999999,
2024-12-31,calla-vantongeren,Calla Vantongeren,California,United States,semiconductors,Technology,292226.70000000001,135301,156925.70000000001,
2024-12-31,xavi-juniper,Xavi Juniper,California,United States,online marketplace,Technology,127472.60000000001,44615.400000000001,82857.199999999997,
2024-12-31,yara-hollowell,Yara Hollowell,California,United States,medical devices,Healthcare,112370.89999999999,104954.39999999999,7416.5,
2024-12-31,quill-silverbrook,Quill Silverbrook,California,United States,software,Technology,104850.39999999999,29463,75387.399999999994,
2024-12-31,ember-silverbrook,Ember Silverbrook,California,United States,coffee chains,Food & Beverage,77428.5,39875.699999999997,37552.800000000003,
2024-12-31,rhea-ravensworth,Rhea Ravensworth,California,United States,private equity,Finance & Investments,66890.800000000003,55653.099999999999,11237.700000000001,
2024-12-31,kestrel-pennyroyal,Kestrel Pennyroyal,California,United States,athletic apparel,Fashion & Retail,46877.5,4828.3999999999996,42049.099999999999,
2024-12-31,yara-whitlock,Yara Whitlock,California,United States,online marketplace,Technology,38649.199999999997,28445.799999999999,10203.4,
2024-12-31,marlo-vantongeren,Marlo Vantongeren,California,United States,real estate,Real Estate,23467.700000000001,2628.4000000000001,20839.299999999999,
2024-12-31,ember-driftwood,Ember Driftwood,California,United States,private equity,Finance & Investments,21951.099999999999,4192.6999999999998,17758.400000000001,
2024-12-31,faro-brightwater,Faro Brightwater,California,United States,streaming,Media & Entertainment,20017.5,9628.3999999999996,10389.1,
2024-12-31,tamsin-whitlock,Tamsin Whitlock,California,United States,software,Technology,19812.299999999999,14780,5032.3000000000002,
2024-12-31,soren-oakhurst,Soren Oakhurst,California,United States,investments,Diversified,18716.799999999999,449.19999999999999,18267.599999999999,
2024-12-31,zeno-juniper,Zeno Juniper,California,United States,software,Technology,17662.200000000001,2861.3000000000002,14800.9,
2024-12-31,ines-elderfield,Ines Elderfield,California,United States,streaming,Media & Entertainment,15002.5,1650.3,13352.200000000001,
2024-12-31,kestrel-blackthorn,Kestrel Blackthorn,California,United States,coffee chains,Food & Beverage,8141.8000000000002,4811.8000000000002,3330,
2024-12-31,adair-vantongeren,Adair Vantongeren,California,United States,semiconductors,Technology,7446.8999999999996,2338.3000000000002,5108.6000000000004,
2024-12-31,wren-underhill,Wren Underhill,Nevada,United States,hedge funds,Finance & Investments,7121.6000000000004,4593.3999999999996,2528.1999999999998,
2024-12-31,ines-fairweather,Ines Fairweather,California,United States,online marketplace,Technology,6185.3999999999996,2078.3000000000002,4107.1000000000004,
2024-12-31,vance-driftwood,Vance Driftwood,California,United States,medical devices,Healthcare,6091.8999999999996,4264.3000000000002,1827.5999999999999,
2024-12-31,cyrus-ashgrove,Cyrus Ashgrove,California,United States,streaming,Media & Entertainment,5786.6999999999998,2870.1999999999998,2916.5,
2024-12-31,kestrel-coldharbor,Kestrel Coldharbor,California,United States,real estate,Real Estate,4746.8000000000002,4006.3000000000002,740.5,
2024-12-31,ines-ravensworth,Ines Ravensworth,California,United States,semiconductors,Technology,4097.3999999999996,3650.8000000000002,446.60000000000002,
2024-12-31,calla-underhill,Calla Underhill,California,United States,hedge funds,Finance & Investments,3766.4000000000001,1574.4000000000001,2192,
2024-12-31,faro-coldharbor,Faro Coldharbor,California,United States,sports team,Sports,3576.5,,,
2024-12-31,soren-amberly,Soren Amberly,California,United States,streaming,Media & Entertainment,2668.3000000000002,1056.5999999999999,1611.7,
2024-12-31,yara-dunmore,Yara Dunmore,California,United States,private equity,Finance & Investments,2197.1999999999998,35.200000000000003,2162,
2024-12-31,nell-kettleby,Nell Kettleby,California,United States,streaming,Media & Entertainment,2169,1219,950,
2024-12-31,ines-ashgrove,Ines Ashgrove,California,United States,software,Technology,2063.8000000000002,1725.3,338.5,
2024-12-31,soren-driftwood,Soren Driftwood,,United States,software,Technology,1293.5999999999999,448.89999999999998,844.70000000000005,
2024-12-31,delphine-thistlewood,Delphine Thistlewood,California,United States,software,Technology,1150.8,1066.8,84,
2026-01-01,marlo-zanderfell,Marlo Zanderfell,California,United States,software,Technology,495786.59999999998,268220.59999999998,227566,
2026-01-01,calla-vantongeren,Calla Vantongeren,California,United States,semiconductors,Technology,302510.79999999999,140062.5,162448.29999999999,1487259
2026-01-01,ember-silverbrook,Ember Silverbrook,California,United States,coffee chains,Food & Beverage,142446.60000000001,73360,69086.600000000006,1118128
2026-01-01,yara-hollowell,Yara Hollowell,California,United States,medical devices,Healthcare,124105.39999999999,115914.39999999999,8191,1061460
2026-01-01,xavi-juniper,Xavi Juniper,California,United States,online marketplace,Technology,95501.300000000003,33425.5,62075.800000000003,1030735
2026-01-01,quill-silverbrook,Quill Silverbrook,California,United States,software,Technology,95413.100000000006,26811.099999999999,68602,1540642
2026-01-01,rhea-ravensworth,Rhea Ravensworth,California,United States,private equity,Finance & Investments,81603.199999999997,67893.899999999994,13709.299999999999,1155926
2026-01-01,kestrel-pennyroyal,Kestrel Pennyroyal,California,United States,athletic apparel,Fashion & Retail,74557.199999999997,7679.3999999999996,66877.800000000003,
2026-01-01,yara-whitlock,Yara Whitlock,California,United States,online marketplace,Technology,35822,26365,9457,1882017
2026-01-01,tamsin-whitlock,Tamsin Whitlock,California,United States,software,Technology,26394.5,19690.299999999999,6704.1999999999998,1713309
2026-01-01,soren-oakhurst,Soren Oakhurst,California,United States,investments,Diversified,23155,555.70000000000005,22599.299999999999,
2026-01-01,ember-driftwood,Ember Driftwood,California,United States,private equity,Finance & Investments,22509.5,4299.3000000000002,18210.200000000001,1229337
2026-01-01,marlo-vantongeren,Marlo Vantongeren,California,United States,real estate,Real Estate,19379.599999999999,2170.5,17209.099999999999,
2026-01-01,ines-elderfield,Ines Elderfield,California,United States,streaming,Media & Entertainment,19149.599999999999,2106.5,17043.099999999999,1525344
2026-01-01,zeno-juniper,Zeno Juniper,California,United States,software,Technology,15411.5,2496.6999999999998,12914.799999999999,1765856
2026-01-01,kestrel-blackthorn,Kestrel Blackthorn,California,United States,coffee chains,Food & Beverage,13946.799999999999,8242.6000000000004,5704.1999999999998,1730107
2026-01-01,faro-brightwater,Faro Brightwater,California,United States,streaming,Media & Entertainment,13466.200000000001,6477.1999999999998,6989,1050457
2026-01-01,adair-vantongeren,Adair Vantongeren,California,United States,semiconductors,Technology,12881.5,4044.8000000000002,8836.7000000000007,1389048
2026-01-01,vance-driftwood,Vance Driftwood,California,United States,medical devices,Healthcare,9818.8999999999996,6873.1999999999998,2945.6999999999998,1320529
2026-01-01,cyrus-ashgrove,Cyrus Ashgrove,California,United States,streaming,Media & Entertainment,8677.3999999999996,4304,4373.3999999999996,1094766
2026-01-01,ines-fairweather,Ines Fairweather,California,United States,online marketplace,Technology,7775.3999999999996,2612.5,5162.8999999999996,1789899
2026-01-01,calla-underhill,Calla Underhill,California,United States,hedge funds,Finance & Investments,5854.3000000000002,2447.0999999999999,3407.1999999999998,1528947
2026-01-01,faro-coldharbor,Faro Coldharbor,California,United States,sports team,Sports,5514.3000000000002,,,1166652
2026-01-01,wren-underhill,Wren Underhill,Nevada,United States,hedge funds,Finance & Investments,4961.5,3200.1999999999998,1761.3,1913535
2026-01-01,kestrel-coldharbor,Kestrel Coldharbor,California,United States,real estate,Real Estate,4385.8999999999996,3701.6999999999998,684.20000000000005,1072797
2026-01-01,ines-ravensworth,Ines Ravensworth,California,United States,semiconductors,Technology,3745.8000000000002,3337.5,408.30000000000001,1945815
2026-01-01,soren-amberly,Soren Amberly,California,United States,streaming,Media & Entertainment,3413.9000000000001,1351.9000000000001,2062,1900755
2026-01-01,nell-kettleby,Nell Kettleby,California,United States,streaming,Media & Entertainment,2721.5,1529.5,1192,
2026-01-01,ines-ashgrove,Ines Ashgrove,California,United States,software,Technology,2362.8000000000002,1975.3,387.5,
2026-01-01,yara-dunmore,Yara Dunmore,California,United States,private equity,Finance & Investments,2268.5999999999999,36.299999999999997,2232.3000000000002,
2026-01-01,soren-driftwood,Soren Driftwood,,United States,software,Technology,1801.9000000000001,625.29999999999995,1176.5999999999999,1355941
2026-01-01,delphine-thistlewood,Delphine Thistlewood,California,United States,software,Technology,1556.5999999999999,1443,113.59999999999999,1898764
