date,n_billionaires,forbes_worth_total,forbes_worth_top4
2019-12-31,26,678.56419999999991,465
2020-01-08,26,678.32349999999997,463.40359999999998
2020-01-16,26,694.50019999999995,477.57010000000002
2020-01-24,26,699.68100000000004,483.77370000000002
2020-02-01,26,719.34249999999997,506.03309999999999
2020-02-09,26,741.36950000000002,525.98800000000006
2020-02-17,26,741.54190000000006,527.62530000000004
2020-02-25,26,740.42570000000001,526.87669999999991
2020-03-04,26,726.87320000000011,514.17849999999999
2020-03-12,26,740.80039999999997,524.24599999999998
2020-03-20,26,762.351400001,543.27030000000002
2020-03-28,25,770.02949999999998,555.23719999999992
2020-04-05,26,787.7133,568.23199999999997
2020-04-13,26,800.00099999999998,578.70080000000007
2020-04-21,26,801.10730000000001,576.70420000000001
2020-04-29,26,808.0616,577.98830000000009
2020-05-07,26,799.7623000000001,569.32150000000001
2020-05-15,25,654.85789999999997,421.11610000000002
2020-05-23,26,801.41590000000008,570.33930000000009
2020-05-31,26,794.76089999999999,568.19769999999994
2020-06-08,26,808.32590000000005,580.58269999999993
2020-06-16,26,829.82409999999993,599.98559999999998
2020-06-24,25,814.58029999999997,584.06200000000001
2020-07-02,26,810.71359999999993,580.00630000000001
2020-07-10,25,662.07230000000004,431.01400000000001
2020-07-18,26,814.29660000000001,588.87159999999994
2020-07-26,26,794.79180000000008,571.25740000000008
2020-08-03,26,811.1499,592.01350000000002
2020-08-11,26,822.48020000000008,603.99109999999996
2020-08-19,26,829.71010000000001,607.59940000000006
2020-08-27,26,845.10980000000006,622.80269999999996
2020-09-04,27,850.63430000000005,614.93180000000007
2020-09-12,27,845.94040000000007,611.81369999999993
2020-09-20,27,850.2906999999999,613.69799999999998
2020-09-28,28,862.05160000000001,623.2894
2020-10-06,28,848.65899999999999,612.76469999999995
2020-10-14,28,850.28020000000004,614.55259999999998
2020-10-22,28,859.93529999999998,622.69500000000005
2020-10-30,29,865.30029999999999,629.84490000000005
2020-11-07,28,868.86689999999999,634.01589999999999
2020-11-15,28,859.27959999999996,626.66459999999995
2020-11-23,28,823.30820000000006,594.35770000000002
2020-12-01,28,830.21910000000003,602.08859999999993
2020-12-09,29,859.57000000000005,630.74840000000006
2020-12-17,29,869.49729999999988,637.12279999999998
2020-12-25,29,866.09249999999997,631.28219999999999
2020-12-31,29,863.96540000000005,626.11300000000006
2021-01-02,29,873.77200000000005,632.92269999999996
2021-01-10,29,880.6812000000001,635.97180000000003
2021-01-18,29,880.38740000000007,636.23050000000001
2021-01-26,29,862.70409999999993,621.54110000000003
2021-02-03,29,869.14740000000006,631.44849999999997
2021-02-11,29,870.34289999999999,631.80150000000003
2021-02-19,29,874.14859999999999,632.08690000000001
2021-02-27,29,885.94560000000001,641.42869999999994
2021-03-07,29,882.52380000000005,632.42359999999996
2021-03-15,29,884.55340000000001,637.90230000000008
2021-03-23,29,882.26340000000005,633.63139999999999
2021-03-31,28,895.48990000000003,641.86279999999999
2021-04-08,28,898.06580000000008,652.9434
2021-04-16,29,899.61570000000006,645.29360000000008
2021-04-24,29,897.58040000000005,644.94580000000008
2021-05-02,29,904.80240000000003,650.86699999999996
2021-05-10,29,883.21620000000007,629.47080000000005
2021-05-18,29,882.11879999999996,629.2636
2021-05-26,29,853.5687999999999,606.3916999999999
2021-06-03,29,852.64780000000007,605.50780000000009
2021-06-11,29,869.80570000000012,619.14730000000009
2021-06-19,29,854.86079999999993,609.2405
2021-06-27,28,843.83680000000004,604.4751
2021-07-05,30,840.22670000000005,595.70859999999993
2021-07-13,30,854.31100000000004,608.226
2021-07-21,30,846.827,595.28680000000008
2021-07-29,29,843.77949999999998,600.29930000000002
2021-08-06,29,863.38310000000001,611.15380000000005
2021-08-14,30,851.21259999999995,591.98159999999996
2021-08-22,29,849.39419999999996,593.16759999999999
2021-08-30,30,844.54650000000004,583.81769999999995
2021-09-07,30,858.20799999999997,594.54600000000005
2021-09-15,30,846.58100000000002,582.81630000000007
2021-09-23,30,850.13720000000001,585.49019999999996
2021-10-01,30,862.4162,594.95359999999994
2021-10-09,29,860.74900000000002,593.83780000000002
2021-10-17,29,856.673,602.49239999999998
2021-10-25,29,688.9135,413.9889
2021-11-02,30,892.23040000000003,618.16970000000003
2021-11-10,30,909.77269999999999,631.68439999999998
2021-11-18,30,916.3913,636.875
2021-11-26,30,896.25109999999995,618.22990000000004
2021-12-04,29,859.51430000000005,583.09130000000005
2021-12-12,30,863.98530000000005,583.87709999999993
2021-12-20,30,878.70540000000005,592.25699999999995
2021-12-28,30,893.35619999999994,610.59159999999997
2021-12-31,30,893.70600000000002,612.57540000000006
2022-01-05,30,907.23509999999999,625.97969999999998
2022-01-13,29,944.9597,665.23450000000003
2022-01-21,30,953.48159999999996,674.20740000000001
2022-01-29,30,969.65269999999998,692.30230000000006
2022-02-06,30,946.46630000000005,669.09500000000003
2022-02-14,31,965.74860000000001,655.91830000000004
2022-02-22,30,953.13,680.21890000000008
2022-03-02,30,1012.9435,699.8777
2022-03-10,30,1024.3731,708.59890000000007
2022-03-18,31,1022.7631,703.54219999999998
2022-03-26,30,894.19299999999998,572.37980000000005
2022-04-03,31,995.41750000000002,670.80550000000005
2022-04-11,30,988.60509999999999,658.92049999999995
2022-04-19,29,953.00750000000005,631.1046
2022-04-27,30,960.68499999999995,631.49869999999999
2022-05-05,30,966.32100000000003,639.89580000000001
2022-05-13,29,950.59979999999996,652.48500000000001
2022-05-21,30,990.58690000000001,656.72209999999995
2022-05-29,30,991.26819999999998,650.94780000000003
2022-06-06,30,1008.6358,671.04459999999995
2022-06-14,30,1005.391,669.2604
2022-06-22,31,998.06359999999995,661.89569999999992
2022-06-30,30,998.61440000000005,660.81700000000001
2022-07-08,31,1010.5563,667.06809999999996
2022-07-16,30,814.93269999999995,471.3716
2022-07-24,31,1029.7176999999999,674.77300000000002
2022-08-01,31,1056.7786000000001,690.63589999999999
2022-08-09,31,1067.8652,702.27159999999992
2022-08-17,31,1066.0829000000001,702.7912
2022-08-25,31,1086.0589,719.07419999999991
2022-09-02,31,1096.6581000000001,728.53869999999995
2022-09-10,31,1112.6551000000002,737.16790000000003
2022-09-18,31,1100.2053999999998,724.3614
2022-09-26,31,1121.9484,736.61699999999996
2022-10-04,30,1138.4389000000001,759.32309999999995
2022-10-12,30,1158.1712,771.67660000000001
2022-10-20,31,1157.8145,771.38740000000007
2022-10-28,31,1151.1168,763.55740000000003
2022-11-05,31,1135.5578,751.62800000000004
2022-11-13,31,1121.1759,738.86249999999995
2022-11-21,30,1126.8572999999999,748.6259
2022-11-29,31,1170.5418,780.56550000000004
2022-12-07,31,1161.7945,774.32000000000005
2022-12-15,31,1179.0407,789.50780000000009
2022-12-23,29,1120.9953,784.06600000000003
2022-12-31,31,1183.1839,788.26029999999992
2023-01-08,31,1197.4752000000001,798.81780000000003
2023-01-16,30,1186.8597,797.25530000000003
2023-01-24,31,1204.8155999999999,800.2423
2023-02-01,31,1194.2972,788.42750000000001
2023-02-09,31,1210.9718,805.58269999999993
2023-02-17,31,1195.5678,784.55369999999994
2023-02-25,31,1206.0060000000001,793.94659999999999
2023-03-05,31,1213.4472000000001,804.38189999999997
2023-03-13,31,1229.8943000000002,823.83879999999999
2023-03-21,31,1242.4640999999999,843.0181
2023-03-29,31,1233.8978,838.42840000000001
2023-04-06,31,1243.1836000000001,847.99940000000004
2023-04-14,31,1239.9781,838.17899999999997
2023-04-22,32,1244.6288,831.42700000000002
2023-04-30,31,1236.1017999999999,825.14159999999993
2023-05-08,32,1262.6600000000001,841.31580000000008
2023-05-16,32,1242.0123000000001,820.13549999999998
2023-05-24,31,1233.9324999999999,820.49310000000003
2023-06-01,32,1230.7498000000001,816.11739999999998
2023-06-09,32,1250.2257,831.25779999999997
2023-06-17,32,1256.0454,841.62659999999994
2023-06-25,32,1236.0716,820.69040000000007
2023-07-03,32,1213.0547999999999,797.05360000000007
2023-07-11,32,1205.3436999999999,790.72069999999997
2023-07-19,32,1223.0827999999999,800.08540000000005
2023-07-27,32,1197.3465000000001,777.64229999999998
2023-08-04,32,1217.3010999999999,794.10739999999998
2023-08-12,32,1238.9894000000002,812.0394
2023-08-20,29,1214.4728,811.3488000000001
2023-08-28,32,1211.4597000000001,781.82349999999997
2023-09-05,31,1207.0695000000001,778.65869999999995
2023-09-13,32,1243.0084999999999,806.25739999999996
2023-09-21,32,1255.8517999999999,816.40880000000004
2023-09-29,32,1229.817,788.39419999999996
2023-10-07,32,1214.4783,766.1336
2023-10-15,32,1206.873,761.40819999999997
2023-10-23,32,1247.2991999999999,801.83230000000003
2023-10-31,32,1252.4541000000002,809.97149999999999
2023-11-08,32,1267.0429999999999,817.25390000000004
2023-11-16,31,1259.3532,824.51969999999994
2023-11-24,32,1309.7968999999998,856.16030000000001
2023-12-02,32,1311.1578999999999,853.28899999999999
2023-12-10,32,1335.383,868.52190000000007
2023-12-18,32,1301.8162,843.24060000000009
2023-12-26,32,1292.6784,829.08080000000007
2023-12-31,32,1325.9375,858.21669999999995
2024-01-03,32,1319.5282,844.58080000000007
2024-01-11,32,1359.6347000000001,867.78919999999994
2024-01-19,32,1363.3803,866.09080000000006
2024-01-27,32,1345.5305000000001,846.35340000000008
2024-02-04,32,1321.9024999999999,824.44069999999999
2024-02-12,32,1325.2719000000002,832.16640000000007
2024-02-20,32,1318.1309000000001,825.4833000000001
2024-02-28,32,1335.0745999999999,846.09839999999997
2024-03-07,32,1318.2729999999999,828.9008
2024-03-15,32,1300.3433,804.80459999999994
2024-03-23,32,1315.7639999999999,818.66730000000007
2024-03-31,32,1331.4553000000001,827.06740000000002
2024-04-08,32,1312.4568000000002,815.89089999999999
2024-04-16,32,1318.3831,829.66399999999999
2024-04-24,32,1323.3873000000001,833.15059999999994
2024-05-02,32,1265.8381999999999,783.2183
2024-05-10,32,1283.3978,803.89069999999992
2024-05-18,32,1287.6485,801.09669999999994
2024-05-26,32,1299.8789999999999,820.95270000000005
2024-06-03,31,1052.7556000000002,579.93419999999992
2024-06-11,32,1338.6958,861.61069999999995
2024-06-19,32,1354.9278999999999,870.57889999999998
2024-06-27,32,1362.9014000000002,877.96839999999997
2024-07-05,32,1333.7425000000001,856.35339999999985
2024-07-13,31,1309.3761000000002,841.75940000000003
2024-07-21,31,1334.2349999999999,848.52569999999992
2024-07-29,32,1346.4698999999998,848.62559999999996
2024-08-06,32,1348.9521999999999,849.5598
2024-08-14,32,1358.2387000000001,853.71379999999988
2024-08-22,31,1282.3071,859.17690000000005
2024-08-30,31,1393.3662999999999,870.96269999999993
2024-09-07,32,1446.605,915.33960000000002
2024-09-15,31,1446.5304000000001,915.10940000000005
2024-09-23,32,1446.4938999999999,917.27750000000003
2024-10-01,32,1477.2053999999998,953.81029999999998
2024-10-09,32,1473.9613999999999,951.6848
2024-10-17,32,1459.0954999999999,930.0806
2024-10-25,32,1475.4666000000002,951.96130000000005
2024-11-02,32,1486.8975999999998,962.59590000000003
2024-11-10,32,1457.5062,927.89340000000004
2024-11-18,32,1457.9550999999999,926.12760000000003
2024-11-26,32,1425.4684,897.94309999999996
2024-12-04,32,1481.1685,945.34550000000002
2024-12-12,32,1471.8054999999999,951.4778
2024-12-20,32,1483.9092000000001,956.80880000000002
2024-12-28,32,1478.3626000000002,941.92240000000004
2024-12-31,32,1452.6097,905.2586
2025-01-05,32,1457.0825,911.6653
2025-01-13,32,1457.1901,909.02620000000002
2025-01-21,32,1469.6325999999999,922.08960000000002
2025-01-29,32,1476.0916999999999,933.71950000000004
2025-02-06,32,1495.7339999999999,950.42999999999995
2025-02-14,32,1460.9404999999999,917.5181
2025-02-22,32,1480.3218999999999,922.05909999999994
2025-03-02,31,1457.7496000000001,887.89300000000003
2025-03-10,32,1453.2028,880.10919999999999
2025-03-18,32,1450.0192,878.39690000000007
2025-03-26,32,1459.2937999999999,885.95150000000001
2025-04-03,31,1444.4462000000001,887.46799999999996
2025-04-11,32,1465.6713,892.51679999999988
2025-04-19,32,1468.8209000000002,882.45980000000009
2025-04-27,32,1465.9382000000001,869.78180000000009
2025-05-05,31,1337.9945,733.65809999999999
2025-05-13,32,1459.2754000000002,861.61890000000005
2025-05-21,32,1479.2666000000002,882.298
2025-05-29,32,1466.8106,873.72850000000005
2025-06-06,32,1479.9784000000002,888.40740000000005
2025-06-14,32,1494.3741,907.68970000000002
2025-06-22,32,1470.1468,884.60839999999996
2025-06-30,32,1439.8362,858.29430000000002
2025-07-08,32,1475.5673000000002,880.88679999999999
2025-07-16,32,1459.3371999999999,859.92399999999998
2025-07-24,32,1473.1135999999999,869.90930000000003
2025-08-01,32,1450.0056000000002,852.67349999999999
2025-08-09,32,1462.0518,855.74239999999998
2025-08-17,30,1430.6691000000001,831.98719999999992
2025-08-25,30,1430.0114000000001,843.40589999999997
2025-09-02,32,1417.1077,828.67430000000002
2025-09-10,32,1420.9708999999998,830.67330000000004
2025-09-18,32,1449.8551,850.18859999999995
2025-09-26,32,1489.0283999999999,886.46190000000001
2025-10-04,32,1478.6464000000001,878.99980000000005
2025-10-12,31,1447.9813999999999,848.63149999999996
2025-10-20,32,1473.7268999999999,848.40190000000007
2025-10-28,32,1537.3714,903.11350000000004
2025-11-05,31,1504.8207,892.70859999999993
2025-11-13,32,1569.366,931.36030000000005
2025-11-21,32,1571.9902,924.09619999999995
2025-11-29,32,1615.0301999999999,968.37549999999999
2025-12-07,32,1644.7518,985.86469999999997
2025-12-15,32,1649.5333999999998,983.97529999999995
2025-12-23,32,1649.9902999999999,980.13300000000004
2025-12-30,32,1660.4888999999998,986.11479999999995
2026-01-01,32,1678.8992000000001,989.21180000000004
2026-01-08,32,1713.1126000000002,1020.8455
2026-01-16,32,1664.9196000000002,975.64790000000005
2026-01-24,31,1500.6359,950.70989999999995
2026-02-01,32,1620.6989000000001,933.25819999999999
2026-02-09,32,1637.4521999999999,939.32280000000003
