forbes_id,cik
marlo-zanderfell,
calla-vantongeren,1487259
xavi-juniper,1030735
quill-silverbrook,1540642
wren-underhill,1913535
soren-driftwood,1355941
rhea-dunmore,1877469
faro-coldharbor,1166652
soren-oakhurst,
marlo-vantongeren,
kestrel-blackthorn,1730107
delphine-thistlewood,1898764
faro-brightwater,1050457
calla-underhill,1528947
tamsin-whitlock,1713309
ember-driftwood,1229337
soren-kettleby,1070736
yara-dunmore,
rhea-ravensworth,1155926
ember-silverbrook,1118128
ines-ravensworth,1945815
vance-driftwood,1320529
nell-kettleby,
kestrel-pennyroyal,
adair-vantongeren,1389048
zeno-juniper,1765856
ines-elderfield,1525344
kestrel-coldharbor,1072797
ines-ashgrove,
yara-hollowell,1061460
cyrus-ashgrove,1094766
yara-whitlock,1882017
soren-amberly,1900755
ines-fairweather,1789899
