industries,n_billionaires,forbes_public_worth,forbes_worth,fraction_public_worth,fraction_forbes_worth
Technology,13,531.11009999999999,1096.9638,0.48416374359846698,0.65338276413497609
Food & Beverage,2,81.60260000000001,156.39339999999999,0.52177777323083974,0.093152346489890514
Healthcare,2,122.7876,133.92429999999999,0.91684332118965717,0.079769112999756031
Finance & Investments,5,77.876799999999989,117.19709999999999,0.66449425796372086,0.069805918068219938
Fashion & Retail,1,7.6793999999999993,74.557199999999995,0.1030001126651752,0.044408383779085729
Media & Entertainment,5,15.7691,47.428599999999996,0.33248082380673266,0.028249819881979811
Real Estate,2,5.8721999999999994,23.765499999999999,0.2470892680566367,0.014155406113720228
Diversified,1,0.55570000000000008,23.155000000000001,0.023999136255668324,0.013791774991613555
Sports,1,0,5.5143000000000004,0,0.0032844735407581353
Total,32,843.25350000000003,1678.8992000000001,0.50226571077048576,1
